春日未来,天海春香,最上静香,伊吹翼
最上静香,如月千早,春日未来,伊吹翼,箱崎星梨花
伊吹翼,星井美希,春日未来,最上静香
白石紬,エミリー,馬場このみ,周防桃子
桜守歌織,松田亜利沙,大神環,百瀬莉緒
七尾百合子,望月杏奈,高山紗代子,北沢志保
箱崎星梨花,高山紗代子,エミリー,北上麗花,周防桃子
佐竹美奈子,中谷育,木下ひなた,矢吹可奈
ロコ,二階堂千鶴,宮尾美也,永吉昴
Thankyou!,春日未来,最上静香,伊吹翼,佐竹美奈子,箱崎星梨花,ロコ,白石紬,桜守歌織
横山奈緒,佐竹美奈子,福田のり子
所恵美,島原エレナ,徳川まつり,篠宮可憐
望月杏奈,双海亜美,双海真美,七尾百合子,横山奈緒
矢吹可奈,北沢志保,ジュリア
北沢志保,高槻やよい,水瀬伊織,野々原茜,矢吹可奈
Welcome!!,所恵美,望月杏奈,北沢志保,矢吹可奈,横山奈緒
馬場このみ,三浦あずさ,豊川風花,真壁瑞希,百瀬莉緒
高坂海美,我那覇響,舞浜歩,大神環
舞浜歩,菊池真,我那覇響,島原エレナ,徳川まつり
宮尾美也,四条貴音,秋月律子,高坂海美,天空橋朋花
高山紗代子七尾百合子,福田のり子,永吉昴,ジュリア
島原エレナ,田中琴葉,横山奈緒,宮尾美也,百瀬莉緒
百瀬莉緒,馬場このみ,桜守歌織
松田亜利沙,萩原雪歩,秋月律子,望月杏奈,大神環
真壁瑞希,四条貴音,田中琴葉,篠宮可憐,ジュリア
野々原茜,秋月律子,天空橋朋花,北沢志保,北上麗花
徳川まつり,天海春香,ロコ,天空橋朋花,舞浜歩
二階堂千鶴,水瀬伊織,ロコ,豊川風花,桜守歌織
北上麗花,野々原茜,真壁瑞希,白石紬
Dreaming!,高槻やよい,菊池真,水瀬伊織,三浦あずさ,我那覇響,島原エレナ,徳川まつり,野々原茜,高山紗代子,松田亜利沙,高坂海美,舞浜歩,二階堂千鶴,馬場このみ,宮尾美也,真壁瑞希,百瀬莉緒,北上麗花
中谷育,佐竹美奈子,松田亜利沙,エミリー,木下ひなた
周防桃子,高槻やよい,箱崎星梨花,中谷育,大神環
大神環,我那覇響,高坂海美,中谷育,桜守歌織
田中琴葉,島原エレナ,所恵美,舞浜歩,宮尾美也
天空橋朋花,野々原茜,松田亜利沙,舞浜歩,白石紬
木下ひなた,双海亜美,双海真美,徳川まつり,天空橋朋花
福田のり子,菊池真,佐竹美奈子,高山紗代子,周防桃子
永吉昴,ロコ,二階堂千鶴,宮尾美也,福田のり子
篠宮可憐,星井美希,所恵美,豊川風花,白石紬
エミリー,萩原雪歩,箱崎星梨花,七尾百合子,木下ひなた
ジュリア,田中琴葉,福田のり子,永吉昴,北上麗花
豊川風花,三浦あずさ,二階堂千鶴,真壁瑞希,篠宮可憐
我那覇響,菊池真,高坂海美,舞浜歩,大神環
桜守歌織,如月千早,最上静香,箱崎星梨花,矢吹可奈
星井美希,天海春香,伊吹翼,島原エレナ,篠宮可憐
白石紬,四条貴音,高山紗代子,ジュリア,桜守歌織
如月千早,星井美希,最上静香,所恵美,ジュリア
春日未来,最上静香,伊吹翼,佐竹美奈子,横山奈緒
高槻やよい,水瀬伊織,中谷育,周防桃子,ジュリア
真壁瑞希,星井美希,島原エレナ,佐竹美奈子,高坂海美
四条貴音,ロコ,エミリー,宮尾美也,真壁瑞希
松田亜利沙,佐竹美奈子,中谷育,横山奈緒,天空橋朋花
三浦あずさ,四条貴音,馬場このみ,豊川風花,百瀬莉緒
Thankyou!39,春日未来,最上静香,伊吹翼,田中琴葉,中谷育,天空橋朋花,エミリー,木下ひなた,大神環,豊川風花,福田のり子,篠宮可憐,永吉昴,周防桃子,ジュリア
萩原雪歩,所恵美,松田亜利沙,二階堂千鶴,周防桃子
伊吹翼,我那覇響星,井美希,永吉昴,白石紬
双海亜美,双海真美,望月杏奈,木下ひなた,矢吹可奈
矢吹可奈,箱崎星梨花,高山紗代子,高坂海美,北沢志保
水瀬伊織,如月千早,高槻やよい,北沢志保,二階堂千鶴
百瀬莉緒,水瀬伊織,三浦あずさ,伊吹翼,桜守歌織
菊池真,春日未来,田中琴葉,徳川まつり,木下ひなた
望月杏奈,ロコ,松田亜利沙,周防桃子,桜守歌織
双海亜美,双海真美,三浦あずさ,篠宮可憐,ジュリア
中谷育,天空橋朋花,馬場このみ,大神環,周防桃子
七尾百合子,秋月律子,所恵美,徳川まつり,篠宮可憐
秋月律子,双海真美,佐竹美奈子,野々原茜,松田亜利沙
最上静香,春日未来,箱崎星梨花,ジュリア,白石紬
天海春香,如月千早,春日未来,徳川まつり,天空橋朋花
箱崎星梨花,高槻やよい,春日未来,野々原茜,高坂海美
所恵美,田中琴葉,島原エレナ,望月杏奈,七尾百合子
星井美希,水瀬伊織,百瀬莉緒,永吉昴,北上麗花
馬場このみ,萩原雪歩,菊池真,双海亜美,北上麗花
福田のり子,天海春香,三浦あずさ,真壁瑞希,百瀬莉緒
ロコ,菊地真,水瀬伊織,望月杏奈,馬場このみ
三浦あずさ,萩原雪歩,双海真美,七尾百合子,福田のり子
横山奈緒,佐竹美奈子,望月杏奈,福田のり子,永吉昴
BrandNewTheater!39,萩原雪歩,菊地真,秋月律子,三浦あずさ,双海亜美,双海真美,所恵美,箱崎星梨花,望月杏奈,ロコ,七尾百合子,松田亜利沙,中谷育,矢吹可奈,横山奈緒,真壁瑞希,馬場このみ,福田のり子,百瀬莉緒,永吉昴,白石紬,桜守歌織
北沢志保,最上静香,矢吹可奈,横山奈緒,豊川風花
菊池真,伊吹翼,高坂海美,篠宮可憐,白石紬
高山紗代子,天海春香,田中琴葉,馬場このみ,北上麗花
木下ひなた,我那覇響,高山紗代子,エミリー,宮尾美也
周防桃子,萩原雪歩,北沢志保,豊川風花,真壁瑞希
四条貴音,秋月律子,双海真美,ロコ,中谷育
永吉昴,高槻やよい,エミリー,木下ひなた,矢吹可奈
宮尾美也,天海春香,伊吹翼,田中琴葉,徳川まつり,豊川風花,真壁瑞希,桜守歌織
野々原茜,双海亜美,所恵美,舞浜歩,白石紬
篠宮可憐,四条貴音,箱崎星梨花,高山紗代子,永吉昴
徳川まつり,如月千早,野々原茜,七尾百合子,横山奈緒
高坂海美,双海亜美,ロコ,矢吹可奈,大神環
